model_family,router_policy,prompt_type,rows,mean_speedup,median_speedup,best_speedup,worst_speedup,slowdown_rate,mean_latency_ms,speculative_share,speculated_mean_speedup,speculated_slowdown_rate
llama,always_speculate_k1,code_completion,36,0.7184266709235637,0.6588606323326702,1.91160535710198,0.1336379337214472,0.8333333333333334,5156.848459750102,1.0,0.7184266709235636,0.8333333333333334
llama,always_speculate_k1,factual_qa,36,0.6331456665637795,0.6601154897651864,0.6649283340583918,0.1711680925295303,1.0,5803.056918944467,1.0,0.6331456665637795,1.0
llama,always_speculate_k1,open_ended,36,0.6108476754449695,0.6601901648593946,0.6653217178249888,0.0574130698804756,1.0,5768.105474083301,1.0,0.6108476754449694,1.0
llama,always_speculate_k1,structured_json,36,1.4110137622384316,0.6578717943786545,11.146355397923369,0.0461393806580564,0.8333333333333334,4027.515442027746,1.0,1.4110137622384318,0.8333333333333334
llama,always_speculate_k1,summarization,36,0.7317528295070286,0.6593450933038165,1.1809186903439302,0.3059305736517062,0.8333333333333334,4950.7409291666445,1.0,0.7317528295070287,0.8333333333333334
llama,always_speculate_k2,code_completion,36,1.0388858812779167,0.8899589800213439,2.6434680562274817,0.1849951341305218,0.7777777777777778,3610.2242011389194,1.0,1.0388858812779167,0.7777777777777778
llama,always_speculate_k2,factual_qa,36,0.8565864719219078,0.8776354565962834,0.9796406614339144,0.2280359542698784,1.0,4312.400983972231,1.0,0.8565864719219078,1.0
llama,always_speculate_k2,open_ended,36,0.8578891226584661,0.9424622573854511,0.9646920030195206,0.0753945671886478,1.0,4134.409235888849,1.0,0.857889122658466,1.0
llama,always_speculate_k2,structured_json,36,1.7365711224907852,0.9730211071017021,12.841767892862556,0.0689041975885971,0.8333333333333334,2717.4152416944253,1.0,1.7365711224907852,0.8333333333333334
llama,always_speculate_k2,summarization,36,1.0336328468664653,0.9577062715590272,1.7226777594145632,0.4445484800854796,0.8055555555555556,3564.131640138896,1.0,1.0336328468664655,0.8055555555555556
llama,always_speculate_k4,code_completion,36,1.1803479229156897,0.9936009947176647,3.0824568753194597,0.2153970790841691,0.5,3256.7382849445103,1.0,1.1803479229156897,0.5
llama,always_speculate_k4,factual_qa,36,0.9523409137132938,0.9365487103106764,1.2874121529589275,0.2433199412047646,0.6666666666666666,4049.4512573611323,1.0,0.9523409137132935,0.6666666666666666
llama,always_speculate_k4,open_ended,36,1.0174491435892206,1.1660775003871673,1.1790447728018407,0.0796105120111018,0.3333333333333333,3550.7339768333345,1.0,1.017449143589221,0.3333333333333333
llama,always_speculate_k4,structured_json,36,1.6492273323118316,1.2715175588087608,10.17950085590807,0.0672908182503662,0.3888888888888889,2134.8669294444057,1.0,1.6492273323118314,0.3888888888888889
llama,always_speculate_k4,summarization,36,1.2347489382221661,1.233809805274106,2.1694758709082143,0.4506671116350785,0.3611111111111111,3149.807945749975,1.0,1.2347489382221661,0.3611111111111111
llama,always_speculate_k8,code_completion,36,1.1801428716414242,1.0320885994744389,3.4082302458847296,0.237355747403013,0.4722222222222222,3565.3994552221584,1.0,1.180142871641424,0.4722222222222222
llama,always_speculate_k8,factual_qa,36,0.9221346584717216,0.7607902017915709,1.5417795027346646,0.1974605264876527,0.6666666666666666,4737.560246638863,1.0,0.9221346584717216,0.6666666666666666
llama,always_speculate_k8,open_ended,36,0.9947015823360386,1.169124007829136,1.2386858000613492,0.0656699219421042,0.3333333333333333,3795.9910721111028,1.0,0.9947015823360386,0.3333333333333333
llama,always_speculate_k8,structured_json,36,1.3663400953375617,1.4274431033806714,6.174309607883329,0.0406765106192593,0.4722222222222222,1982.1117741944238,1.0,1.366340095337562,0.4722222222222222
llama,always_speculate_k8,summarization,36,1.2078165811604213,1.259356457887909,2.246102677038859,0.3560270043899703,0.3611111111111111,3515.7006767777198,1.0,1.2078165811604213,0.3611111111111111
llama,never_speculate,code_completion,36,1.0,1.0,1.0,1.0,0.0,3440.807391527806,0.0,1.0,0.0
llama,never_speculate,factual_qa,36,1.0,1.0,1.0,1.0,0.0,3674.442600166628,0.0,1.0,0.0
llama,never_speculate,open_ended,36,1.0,1.0,1.0,1.0,0.0,3522.0684971111873,0.0,1.0,0.0
llama,never_speculate,structured_json,36,1.0,1.0,1.0,1.0,0.0,2462.9915543611105,0.0,1.0,0.0
llama,never_speculate,summarization,36,1.0,1.0,1.0,1.0,0.0,3446.4904434444243,0.0,1.0,0.0
llama,oracle_per_row,code_completion,36,1.3552117336200282,1.052538496905231,3.4082302458847296,1.0,0.0,2771.0068332222463,0.5277777777777778,1.6730327584379483,0.0
llama,oracle_per_row,factual_qa,36,1.1741664265412208,1.0,1.5417795027346646,1.0,0.0,3237.8988129443655,0.3333333333333333,1.5224992796236627,0.0
llama,oracle_per_row,open_ended,36,1.1331395487645706,1.1719655192708966,1.2386858000613492,1.0,0.0,3100.0373478889414,0.6666666666666666,1.1997093231468556,0.0
llama,oracle_per_row,structured_json,36,2.173591644541373,1.4364997025141943,12.841767892862556,1.0,0.0,1572.1216409999986,0.6111111111111112,2.920422691067701,0.0
llama,oracle_per_row,summarization,36,1.3452242624230297,1.259356457887909,2.246102677038859,1.0,0.0,2747.295158527777,0.6388888888888888,1.5403510194447418,0.0
llama,trained_global_router,code_completion,36,1.1803479229156897,0.9936009947176647,3.0824568753194597,0.2153970790841691,0.5,3256.7382849445103,1.0,1.1803479229156897,0.5
llama,trained_global_router,factual_qa,36,0.9523409137132938,0.9365487103106764,1.2874121529589275,0.2433199412047646,0.6666666666666666,4049.4512573611323,1.0,0.9523409137132935,0.6666666666666666
llama,trained_global_router,open_ended,36,1.0174491435892206,1.1660775003871673,1.1790447728018407,0.0796105120111018,0.3333333333333333,3550.7339768333345,1.0,1.017449143589221,0.3333333333333333
llama,trained_global_router,structured_json,36,1.6492273323118316,1.2715175588087608,10.17950085590807,0.0672908182503662,0.3888888888888889,2134.8669294444057,1.0,1.6492273323118314,0.3888888888888889
llama,trained_global_router,summarization,36,1.2347489382221661,1.233809805274106,2.1694758709082143,0.4506671116350785,0.3611111111111111,3149.807945749975,1.0,1.2347489382221661,0.3611111111111111
llama,trained_regime_router,code_completion,36,1.1777363759602335,0.9879581386780263,3.1898591952031765,0.237355747403013,0.5,3414.824081138837,1.0,1.1777363759602335,0.5
llama,trained_regime_router,factual_qa,36,1.0,1.0,1.0,1.0,0.0,3674.442600166628,0.0,1.0,0.0
llama,trained_regime_router,open_ended,36,0.9979320433855224,1.0,1.1790447728018407,0.0809265699565436,0.16666666666666666,3582.248693944507,0.5,0.9958640867710449,0.3333333333333333
llama,trained_regime_router,structured_json,36,1.7365711224907852,0.9730211071017021,12.841767892862556,0.0689041975885971,0.8333333333333334,2717.4152416944253,1.0,1.7365711224907852,0.8333333333333334
llama,trained_regime_router,summarization,36,1.2347489382221661,1.233809805274106,2.1694758709082143,0.4506671116350785,0.3611111111111111,3149.807945749975,1.0,1.2347489382221661,0.3611111111111111
qwen,always_speculate_k1,code_completion,36,0.5498590355017979,0.5402592398004488,0.7036188124385245,0.5350903638085318,1.0,6315.919837388846,1.0,0.5498590355017979,1.0
qwen,always_speculate_k1,factual_qa,36,0.540240964166783,0.5404024766400648,0.546658617528022,0.5346413366836492,1.0,6134.9361176111315,1.0,0.5402409641667831,1.0
qwen,always_speculate_k1,open_ended,36,0.5399879914422427,0.5400447767535836,0.5456792291507087,0.5340344107976327,1.0,6128.843247472181,1.0,0.5399879914422427,1.0
qwen,always_speculate_k1,structured_json,36,0.5418252609880517,0.5393023746851948,0.5927164723426035,0.5341912124189878,1.0,6170.367756027758,1.0,0.5418252609880516,1.0
qwen,always_speculate_k1,summarization,36,0.5391790426785701,0.5396870570234272,0.5450536827305561,0.532649581490851,1.0,6135.213403194282,1.0,0.5391790426785701,1.0
qwen,always_speculate_k2,code_completion,36,0.7425317567987082,0.6936788246723329,1.5008939174366869,0.6812995157821907,0.9444444444444444,4720.011762055455,1.0,0.7425317567987082,0.9444444444444444
qwen,always_speculate_k2,factual_qa,36,0.6336910001001635,0.6181112163501796,0.690742516978898,0.6067121635844371,1.0,5240.002100027898,1.0,0.6336910001001635,1.0
qwen,always_speculate_k2,open_ended,36,0.6232984816577823,0.6187578473427542,0.6547574136446531,0.5979905435485942,1.0,5314.802766388715,1.0,0.6232984816577823,1.0
qwen,always_speculate_k2,structured_json,36,0.6864828593085907,0.6964876501731154,0.8982171659936311,0.6254646962942078,1.0,4888.520828888861,1.0,0.6864828593085908,1.0
qwen,always_speculate_k2,summarization,36,0.6091022618102345,0.6038796684876819,0.6298024511775092,0.5916420660066759,1.0,5432.759715833198,1.0,0.6091022618102344,1.0
qwen,always_speculate_k4,code_completion,36,0.7803018434544549,0.7239261692545824,1.573925748118825,0.6705079677443552,0.9444444444444444,4508.5335989444075,1.0,0.7803018434544549,0.9444444444444444
qwen,always_speculate_k4,factual_qa,36,0.6075872140163151,0.5802348780469422,0.7219017135622914,0.5380846314669105,1.0,5518.37972391661,1.0,0.6075872140163152,1.0
qwen,always_speculate_k4,open_ended,36,0.5923164009083557,0.5993823359794495,0.6100934213634691,0.5665301222574287,1.0,5590.180592277774,1.0,0.5923164009083558,1.0
qwen,always_speculate_k4,structured_json,36,0.7287147431306155,0.7679468619076639,0.9860240576560244,0.5784558846864084,1.0,4688.676986527665,1.0,0.7287147431306156,1.0
qwen,always_speculate_k4,summarization,36,0.55101017606937,0.5334748146041701,0.5963102805714692,0.5254128646392245,1.0,6019.5670686944395,1.0,0.55101017606937,1.0
qwen,always_speculate_k8,code_completion,36,0.6994439711591451,0.648867493635763,1.398791422184143,0.5791429387435603,0.9444444444444444,5051.449126972216,1.0,0.6994439711591451,0.9444444444444444
qwen,always_speculate_k8,factual_qa,36,0.46549725209618437,0.42092408923792474,0.5839552750990386,0.4035297271391614,1.0,7284.47349722204,1.0,0.46549725209618437,1.0
qwen,always_speculate_k8,open_ended,36,0.43942985868694734,0.43454125990098763,0.4587800692116064,0.423519572249422,1.0,7535.831669777761,1.0,0.43942985868694734,1.0
qwen,always_speculate_k8,structured_json,36,0.6297788786391838,0.7082528093280114,0.9175604151406872,0.4243864411212775,1.0,5646.03462216668,1.0,0.6297788786391838,1.0
qwen,always_speculate_k8,summarization,36,0.37234751582477116,0.3564862487218627,0.4300169406916168,0.3314886885543695,1.0,8984.998459194407,1.0,0.3723475158247711,1.0
qwen,never_speculate,code_completion,36,1.0,1.0,1.0,1.0,0.0,3506.046189500037,0.0,1.0,0.0
qwen,never_speculate,factual_qa,36,1.0,1.0,1.0,1.0,0.0,3314.3493959444313,0.0,1.0,0.0
qwen,never_speculate,open_ended,36,1.0,1.0,1.0,1.0,0.0,3309.4390771108615,0.0,1.0,0.0
qwen,never_speculate,structured_json,36,1.0,1.0,1.0,1.0,0.0,3345.769381805553,0.0,1.0,0.0
qwen,never_speculate,summarization,36,1.0,1.0,1.0,1.0,0.0,3307.980440139065,0.0,1.0,0.0
qwen,oracle_per_row,code_completion,36,1.0308806321497666,1.0,1.573925748118825,1.0,0.0,3365.7921233055704,0.05555555555555555,1.5558513786957984,0.0
qwen,oracle_per_row,factual_qa,36,1.0,1.0,1.0,1.0,0.0,3314.3493959444313,0.0,1.0,0.0
qwen,oracle_per_row,open_ended,36,1.0,1.0,1.0,1.0,0.0,3309.4390771108615,0.0,1.0,0.0
qwen,oracle_per_row,structured_json,36,1.0,1.0,1.0,1.0,0.0,3345.769381805553,0.0,1.0,0.0
qwen,oracle_per_row,summarization,36,1.0,1.0,1.0,1.0,0.0,3307.980440139065,0.0,1.0,0.0
qwen,trained_global_router,code_completion,36,1.0,1.0,1.0,1.0,0.0,3506.046189500037,0.0,1.0,0.0
qwen,trained_global_router,factual_qa,36,1.0,1.0,1.0,1.0,0.0,3314.3493959444313,0.0,1.0,0.0
qwen,trained_global_router,open_ended,36,1.0,1.0,1.0,1.0,0.0,3309.4390771108615,0.0,1.0,0.0
qwen,trained_global_router,structured_json,36,1.0,1.0,1.0,1.0,0.0,3345.769381805553,0.0,1.0,0.0
qwen,trained_global_router,summarization,36,1.0,1.0,1.0,1.0,0.0,3307.980440139065,0.0,1.0,0.0
qwen,trained_regime_router,code_completion,36,1.0,1.0,1.0,1.0,0.0,3506.046189500037,0.0,1.0,0.0
qwen,trained_regime_router,factual_qa,36,1.0,1.0,1.0,1.0,0.0,3314.3493959444313,0.0,1.0,0.0
qwen,trained_regime_router,open_ended,36,1.0,1.0,1.0,1.0,0.0,3309.4390771108615,0.0,1.0,0.0
qwen,trained_regime_router,structured_json,36,1.0,1.0,1.0,1.0,0.0,3345.769381805553,0.0,1.0,0.0
qwen,trained_regime_router,summarization,36,1.0,1.0,1.0,1.0,0.0,3307.980440139065,0.0,1.0,0.0
